"subcategory","function","category","status","computed","coverage","types","priority","residual","band","override","remediation"
"GV.OC-03","Govern","Organizational Context","weak","weak","0.5","1","2","1.6","moderate","","Plan refresh for aging evidence: EV-011. Add a second evidence type (currently only: procedure). Increase coverage from 0.5 to at least 1.0 (full-scope current artifacts count 1.0)."
"GV.RM-02","Govern","Risk Management Strategy","not-applicable","none","0","0","1","0","low","",""
"GV.RR-02","Govern","Roles, Responsibilities, and Authorities","partial","partial","1","1","2","1","moderate","","Add a second evidence type (currently only: policy)."
"GV.PO-01","Govern","Policy","partial","partial","1","1","2","1","moderate","invalid","Add a second evidence type (currently only: policy). Reviewer override needs a substantive rationale or must be withdrawn."
"GV.SC-04","Govern","Cybersecurity Supply Chain Risk Management","weak","weak","0.5","1","2","1.6","moderate","","Add a second evidence type (currently only: attestation). Increase coverage from 0.5 to at least 1.0 (full-scope current artifacts count 1.0)."
"GV.SC-07","Govern","Cybersecurity Supply Chain Risk Management","weak","weak","0.75","2","2","1.6","moderate","","Plan refresh for aging evidence: EV-015. Increase coverage from 0.75 to at least 1.0 (full-scope current artifacts count 1.0)."
"ID.AM-01","Identify","Asset Management","sufficient","sufficient","2","2","2","0.3","low","",""
"ID.AM-02","Identify","Asset Management","sufficient","sufficient","1.5","2","2","0.3","low","",""
"ID.RA-01","Identify","Risk Assessment","none","none","0","0","3","3","high","","No current evidence: all 1 artifact(s) are stale (EV-009). Re-collect them before the outcome can count."
"ID.RA-05","Identify","Risk Assessment","none","none","0","0","2","2","high","","No evidence recorded. Identify an owner and collect at least two artifact types (for example a policy plus a configuration or log sample)."
"ID.IM-02","Identify","Improvement","partial","partial","1","1","2","1","moderate","","Add a second evidence type (currently only: report)."
"PR.AA-01","Protect","Identity Management, Authentication, and Access Control","sufficient","sufficient","2","2","2","0.3","low","",""
"PR.AA-05","Protect","Identity Management, Authentication, and Access Control","sufficient","sufficient","1.25","2","3","0.45","low","",""
"PR.AT-01","Protect","Awareness and Training","partial","partial","1","1","1","0.5","low","","Add a second evidence type (currently only: report)."
"PR.DS-01","Protect","Data Security","partial","partial","1","1","2","1","moderate","","Add a second evidence type (currently only: configuration)."
"PR.DS-11","Protect","Data Security","contradicted","contradicted","1","1","3","3","high","","Resolve contradiction: EV-005 refute the outcome. Investigate the refuting artifact before accepting any supporting evidence."
"PR.PS-01","Protect","Platform Security","none","none","0","0","2","2","high","","No evidence recorded. Identify an owner and collect at least two artifact types (for example a policy plus a configuration or log sample)."
"PR.PS-02","Protect","Platform Security","sufficient","sufficient","1.5","2","3","0.45","low","",""
"PR.IR-01","Protect","Technology Infrastructure Resilience","weak","weak","0.5","1","2","1.6","moderate","","Add a second evidence type (currently only: ticket). Increase coverage from 0.5 to at least 1.0 (full-scope current artifacts count 1.0)."
"DE.CM-01","Detect","Continuous Monitoring","sufficient","sufficient","2","2","3","0.45","low","",""
"DE.AE-02","Detect","Adverse Event Analysis","none","none","0","0","2","2","high","","No evidence recorded. Identify an owner and collect at least two artifact types (for example a policy plus a configuration or log sample)."
"RS.MA-01","Respond","Incident Management","sufficient","sufficient","2","2","2","0.3","low","",""
"RS.AN-03","Respond","Incident Analysis","partial","sufficient","1.5","2","2","1","moderate","",""
"RC.RP-01","Recover","Incident Recovery Plan Execution","none","none","0","0","2","2","high","","No evidence recorded. Identify an owner and collect at least two artifact types (for example a policy plus a configuration or log sample)."
"RC.CO-03","Recover","Incident Recovery Communication","accepted-risk","none","0","0","1","0.6","low","valid","Accepted risk without evidence (reviewer m.okafor, 2026-09-30). This stays an open gap: collect at least one current artifact or formally scope the outcome out; the acceptance lapses after 365 days."